<MissionPackageManifest version="2">
  <Configuration>
    <Parameter name="name" value="GoogleMaps_DP" />
    <Parameter name="uid" value="e7d0de51-aa27-49aa-bd4c-e52a55c050d2" />
  </Configuration>
  <Contents>
    <Content zipEntry="d708600d1e164c98b860d13bf58ee97a/Google_Hybrid.xml" ignore="false" />
    <Content zipEntry="80908a3e94d844218fcc1e7fc852c628/Google_Street.xml" ignore="false" />
    <Content zipEntry="2072435e897249ba87600d92aab41d1a/Google_Terrain.xml" ignore="false" />
  </Contents>
</MissionPackageManifest>