<?xml version="1.0" encoding="UTF-8" standalone="yes"?>
<customWmsMapSource>
    <name>TerraServer WMS</name>
    <minZoom>0</minZoom>
    <maxZoom>18</maxZoom>
    <tileType>JPG</tileType>
    <version>1.1.1</version>
    <layers>DRG</layers>
    <url>http://terraserver-usa.com/ogcmap6.ashx?</url>
    <coordinatesystem>EPSG:4326</coordinatesystem>
    <aditionalparameters>&amp;EXCEPTIONS=BLANK&amp;Styles=</aditionalparameters>
    <backgroundColor>#000000</backgroundColor>
</customWmsMapSource>